{
    "bgm.1": {
        "category": "master",
        "sounds": [
            "bgm/1"
        ]
    },
    "bgm.audio_check_track": {
        "category": "master",
        "sounds": [
            "bgm/audiochecktrack"
        ]
    },
    "bgm.mediterraneanharbor.mediterraneanharbor": {
        "category": "master",
        "sounds": [
            "bgm/mediterraneanharbor/mediterraneanharbor"
        ]
    },
    "bgm.mediterraneanharbor.tovogliobeneassaje": {
        "category": "master",
        "sounds": [
            "bgm/mediterraneanharbor/tovogliobeneassaje"
        ]
    },
    "bgm.mediterraneanharbor.ziodellamerica": {
        "category": "master",
        "sounds": [
            "bgm/mediterraneanharbor/ziodellamerica"
        ]
    },
    "bgm.mysteriousisland": {
        "category": "master",
        "sounds": [
            "bgm/mysteriousisland"
        ]
    },
    "bgm.journeytofantasysprings": {
        "category": "master",
        "sounds": [
            "bgm/journeytofantasysprings"
        ]
    },
    "bgm.towerofterror.lobby1": {
        "category": "master",
        "sounds": [
            "bgm/towerofterror/towerofterrorlobby1"
        ]
    },
    "bgm.towerofterror.qline1": {
        "category": "master",
        "sounds": [
            "bgm/towerofterror/towerofterrorqline1"
        ]
    },
    "bgm.towerofterror.qline2": {
        "category": "master",
        "sounds": [
            "bgm/towerofterror/towerofterrorqline2"
        ]
    },
    "attraction.centeroftheearth.road12": {
        "category": "master",
        "sounds": [
            "attraction/centeroftheearth/road12"
        ]
    },
    "attraction.centeroftheearth.ev": {
        "category": "master",
        "sounds": [
            "attraction/centeroftheearth/ev"
        ]
    },
    "attraction.centeroftheearth.notice": {
        "category": "master",
        "sounds": [
            "attraction/centeroftheearth/notice"
        ]
    },
    "attraction.centeroftheearth.road9": {
        "category": "master",
        "sounds": [
            "attraction/centeroftheearth/road9"
        ]
    },
    "attraction.centeroftheearth.road10": {
        "category": "master",
        "sounds": [
            "attraction/centeroftheearth/road10"
        ]
    },
    "attraction.centeroftheearth.road10r": {
        "category": "master",
        "sounds": [
            "attraction/centeroftheearth/road10r"
        ]
    },
    "attraction.centeroftheearth.road3": {
        "category": "master",
        "sounds": [
            "attraction/centeroftheearth/road3"
        ]
    },
    "attraction.centeroftheearth.road4": {
        "category": "master",
        "sounds": [
            "attraction/centeroftheearth/road4"
        ]
    },
    "attraction.centeroftheearth.road7": {
        "category": "master",
        "sounds": [
            "attraction/centeroftheearth/road7"
        ]
    },
    "attraction.centeroftheearth.road8": {
        "category": "master",
        "sounds": [
            "attraction/centeroftheearth/road8"
        ]
    },
    "attraction.centeroftheearth.road5": {
        "category": "master",
        "sounds": [
            "attraction/centeroftheearth/road5"
        ]
    },
    "attraction.centeroftheearth.road6": {
        "category": "master",
        "sounds": [
            "attraction/centeroftheearth/road6"
        ]
    },
    "attraction.centeroftheearth.road11": {
        "category": "master",
        "sounds": [
            "attraction/centeroftheearth/road11"
        ]
    },
    "attraction.centeroftheearth.road11r": {
        "category": "master",
        "sounds": [
            "attraction/centeroftheearth/road11r"
        ]
    },
    "attraction.centeroftheearth.road1": {
        "category": "master",
        "sounds": [
            "attraction/centeroftheearth/road1"
        ]
    },
    "attraction.centeroftheearth.road2": {
        "category": "master",
        "sounds": [
            "attraction/centeroftheearth/road2"
        ]
    },
    "attraction.centeroftheearth.exitline": {
        "category": "master",
        "sounds": [
            "attraction/centeroftheearth/exitline"
        ]
    },
    "attraction.centeroftheearth.qliner": {
        "category": "master",
        "sounds": [
            "attraction/centeroftheearth/qliner"
        ]
    },
    "attraction.towerofterror.main": {
        "category": "master",
        "sounds": [
            "attraction/towerofterror/main"
        ]
    },
    "attraction.towerofterror.preshow": {
        "category": "master",
        "sounds": [
            "attraction/towerofterror/preshow"
        ]
    },
    "attraction.towerofterror.preshowsub": {
        "category": "master",
        "sounds": [
            "attraction/towerofterror/preshowsub"
        ]
    },
    "attraction.towerofterror.semipreshow": {
        "category": "master",
        "sounds": [
            "attraction/towerofterror/semipreshow"
        ]
    },
    "attraction.towerofterror.infoannouncements": {
        "category": "master",
        "sounds": [
            "attraction/towerofterror/informationannouncements"
        ]
    },
    "attraction.towerofterror.preboardingannouncement": {
        "category": "master",
        "sounds": [
            "attraction/towerofterror/preboardingannouncement"
        ]
    },
    "attraction.towerofterror.stop1": {
        "category": "master",
        "sounds": [
            "attraction/towerofterror/stop1"
        ]
    },
    "attraction.towerofterror.stop2": {
        "category": "master",
        "sounds": [
            "attraction/towerofterror/stop2"
        ]
    },
    "attraction.towerofterror.rideexit": {
        "category": "master",
        "sounds": [
            "attraction/towerofterror/rideexit"
        ]
    },
    "attraction.towerofterror.memorabilia": {
        "category": "master",
        "sounds": [
            "attraction/towerofterror/memorabilia"
        ]
    },
    "attraction.towerofterror.scream": {
        "category": "master",
        "sounds": [
            "attraction/towerofterror/scream"
        ]
    },
    "attraction.anna_and_elsas_frozenjourney.show": {
        "category": "master",
        "sounds": [
            "attraction/annaandelsasfrozenjourney/show"
        ]
    },
    "attraction.anna_and_elsas_frozenjourney.showcancel": {
        "category": "master",
        "sounds": [
            "attraction/annaandelsasfrozenjourney/showcancel"
        ]
    }
}